Date,GeoID,GeoName,NAICS,NAICS Description,Prices,Value
1997,48,Alberta,61,Educational services,Chained (2017) dollars,7429200000.0
1997,48,Alberta,62,Health care and social assistance,Chained (2017) dollars,9825400000.0
1997,48,Alberta,71,"Arts, entertainment and recreation",Chained (2017) dollars,1618900000.0
1997,48,Alberta,72,Accommodation and food services,Chained (2017) dollars,4589700000.0
1997,48,Alberta,81,Other services (except public administration),Chained (2017) dollars,3203300000.0
1997,48,Alberta,91,Public administration,Chained (2017) dollars,9607600000.0
1997,48,Alberta,T001,All industries,Chained (2017) dollars,179371600000.0
1997,48,Alberta,11,"Agriculture, forestry, fishing and hunting",Chained (2017) dollars,3019100000.0
1997,48,Alberta,21,"Mining, quarrying, and oil and gas extraction",Chained (2017) dollars,41840600000.0
1997,48,Alberta,22,Utilities,Chained (2017) dollars,2879500000.0
1997,48,Alberta,23,Construction,Chained (2017) dollars,14278000000.0
1997,48,Alberta,31-33,Manufacturing,Chained (2017) dollars,18096400000.0
1997,48,Alberta,41,Wholesale trade,Chained (2017) dollars,7783000000.0
1997,48,Alberta,44-45,Retail trade,Chained (2017) dollars,5951000000.0
1997,48,Alberta,48-49,Transportation and warehousing,Chained (2017) dollars,8447700000.0
1997,48,Alberta,51,Information and cultural industries,Chained (2017) dollars,3228700000.0
1997,48,Alberta,52,Finance and insurance,Chained (2017) dollars,6137300000.0
1997,48,Alberta,53,Real estate and rental and leasing,Chained (2017) dollars,15860300000.0
1997,48,Alberta,54,"Professional, scientific and technical services",Chained (2017) dollars,8127300000.0
1997,48,Alberta,55,Management of companies and enterprises,Chained (2017) dollars,1263000000.0
1997,48,Alberta,56,"Administrative and support, waste management and remediation services",Chained (2017) dollars,3677000000.0
1998,48,Alberta,41,Wholesale trade,Chained (2017) dollars,8472600000.0
1998,48,Alberta,31-33,Manufacturing,Chained (2017) dollars,18695600000.0
1998,48,Alberta,23,Construction,Chained (2017) dollars,14701900000.0
1998,48,Alberta,22,Utilities,Chained (2017) dollars,2979600000.0
1998,48,Alberta,21,"Mining, quarrying, and oil and gas extraction",Chained (2017) dollars,40594800000.0
1998,48,Alberta,11,"Agriculture, forestry, fishing and hunting",Chained (2017) dollars,3148800000.0
1998,48,Alberta,T001,All industries,Chained (2017) dollars,188054800000.0
1998,48,Alberta,44-45,Retail trade,Chained (2017) dollars,6665000000.0
1998,48,Alberta,48-49,Transportation and warehousing,Chained (2017) dollars,8807900000.0
1998,48,Alberta,51,Information and cultural industries,Chained (2017) dollars,3802200000.0
1998,48,Alberta,52,Finance and insurance,Chained (2017) dollars,6400000000.0
1998,48,Alberta,53,Real estate and rental and leasing,Chained (2017) dollars,17139000000.0
1998,48,Alberta,54,"Professional, scientific and technical services",Chained (2017) dollars,9170400000.0
1998,48,Alberta,55,Management of companies and enterprises,Chained (2017) dollars,1442100000.0
1998,48,Alberta,56,"Administrative and support, waste management and remediation services",Chained (2017) dollars,3924300000.0
1998,48,Alberta,61,Educational services,Chained (2017) dollars,7957500000.0
1998,48,Alberta,62,Health care and social assistance,Chained (2017) dollars,10296300000.0
1998,48,Alberta,71,"Arts, entertainment and recreation",Chained (2017) dollars,1484200000.0
1998,48,Alberta,72,Accommodation and food services,Chained (2017) dollars,4939900000.0
1998,48,Alberta,81,Other services (except public administration),Chained (2017) dollars,3393500000.0
1998,48,Alberta,91,Public administration,Chained (2017) dollars,9957300000.0
1999,48,Alberta,T001,All industries,Chained (2017) dollars,190749600000.0
1999,48,Alberta,11,"Agriculture, forestry, fishing and hunting",Chained (2017) dollars,3640900000.0
1999,48,Alberta,21,"Mining, quarrying, and oil and gas extraction",Chained (2017) dollars,40954100000.0
1999,48,Alberta,22,Utilities,Chained (2017) dollars,2951600000.0
1999,48,Alberta,23,Construction,Chained (2017) dollars,14884100000.0
1999,48,Alberta,31-33,Manufacturing,Chained (2017) dollars,18088800000.0
1999,48,Alberta,41,Wholesale trade,Chained (2017) dollars,8679200000.0
1999,48,Alberta,44-45,Retail trade,Chained (2017) dollars,6835100000.0
1999,48,Alberta,48-49,Transportation and warehousing,Chained (2017) dollars,9029700000.0
1999,48,Alberta,51,Information and cultural industries,Chained (2017) dollars,3879400000.0
1999,48,Alberta,52,Finance and insurance,Chained (2017) dollars,6487500000.0
1999,48,Alberta,53,Real estate and rental and leasing,Chained (2017) dollars,17619600000.0
1999,48,Alberta,54,"Professional, scientific and technical services",Chained (2017) dollars,9516100000.0
1999,48,Alberta,55,Management of companies and enterprises,Chained (2017) dollars,1377100000.0
1999,48,Alberta,56,"Administrative and support, waste management and remediation services",Chained (2017) dollars,4201000000.0
1999,48,Alberta,61,Educational services,Chained (2017) dollars,8193500000.0
1999,48,Alberta,62,Health care and social assistance,Chained (2017) dollars,10384900000.0
1999,48,Alberta,71,"Arts, entertainment and recreation",Chained (2017) dollars,1369300000.0
1999,48,Alberta,72,Accommodation and food services,Chained (2017) dollars,4906500000.0
1999,48,Alberta,81,Other services (except public administration),Chained (2017) dollars,3471500000.0
1999,48,Alberta,91,Public administration,Chained (2017) dollars,10012600000.0
2000,48,Alberta,T001,All industries,Chained (2017) dollars,202215000000.0
2000,48,Alberta,11,"Agriculture, forestry, fishing and hunting",Chained (2017) dollars,3958300000.0
2000,48,Alberta,48-49,Transportation and warehousing,Chained (2017) dollars,9669500000.0
2000,48,Alberta,51,Information and cultural industries,Chained (2017) dollars,4230900000.0
2000,48,Alberta,52,Finance and insurance,Chained (2017) dollars,6782900000.0
2000,48,Alberta,53,Real estate and rental and leasing,Chained (2017) dollars,18787900000.0
2000,48,Alberta,54,"Professional, scientific and technical services",Chained (2017) dollars,10121400000.0
2000,48,Alberta,55,Management of companies and enterprises,Chained (2017) dollars,1419500000.0
2000,48,Alberta,56,"Administrative and support, waste management and remediation services",Chained (2017) dollars,4407500000.0
2000,48,Alberta,21,"Mining, quarrying, and oil and gas extraction",Chained (2017) dollars,40011300000.0
2000,48,Alberta,22,Utilities,Chained (2017) dollars,2878000000.0
2000,48,Alberta,23,Construction,Chained (2017) dollars,16984400000.0
2000,48,Alberta,31-33,Manufacturing,Chained (2017) dollars,22067900000.0
2000,48,Alberta,41,Wholesale trade,Chained (2017) dollars,9209400000.0
2000,48,Alberta,44-45,Retail trade,Chained (2017) dollars,7225300000.0
2000,48,Alberta,61,Educational services,Chained (2017) dollars,8537500000.0
2000,48,Alberta,62,Health care and social assistance,Chained (2017) dollars,11160300000.0
2000,48,Alberta,71,"Arts, entertainment and recreation",Chained (2017) dollars,1400400000.0
2000,48,Alberta,72,Accommodation and food services,Chained (2017) dollars,5179500000.0
2000,48,Alberta,81,Other services (except public administration),Chained (2017) dollars,3681300000.0
2000,48,Alberta,91,Public administration,Chained (2017) dollars,10407800000.0
2001,48,Alberta,T001,All industries,Chained (2017) dollars,205892100000.0
2001,48,Alberta,11,"Agriculture, forestry, fishing and hunting",Chained (2017) dollars,3741100000.0
2001,48,Alberta,61,Educational services,Chained (2017) dollars,8482100000.0
2001,48,Alberta,56,"Administrative and support, waste management and remediation services",Chained (2017) dollars,4605700000.0
2001,48,Alberta,55,Management of companies and enterprises,Chained (2017) dollars,1737400000.0
2001,48,Alberta,54,"Professional, scientific and technical services",Chained (2017) dollars,11120400000.0
2001,48,Alberta,53,Real estate and rental and leasing,Chained (2017) dollars,19571900000.0
2001,48,Alberta,52,Finance and insurance,Chained (2017) dollars,7131700000.0
2001,48,Alberta,51,Information and cultural industries,Chained (2017) dollars,4374900000.0
2001,48,Alberta,48-49,Transportation and warehousing,Chained (2017) dollars,9962000000.0
2001,48,Alberta,44-45,Retail trade,Chained (2017) dollars,7763200000.0
2001,48,Alberta,41,Wholesale trade,Chained (2017) dollars,9442100000.0
2001,48,Alberta,31-33,Manufacturing,Chained (2017) dollars,21012300000.0
2001,48,Alberta,23,Construction,Chained (2017) dollars,17775400000.0
2001,48,Alberta,22,Utilities,Chained (2017) dollars,3556800000.0
2001,48,Alberta,21,"Mining, quarrying, and oil and gas extraction",Chained (2017) dollars,39221100000.0
2001,48,Alberta,91,Public administration,Chained (2017) dollars,10215400000.0
2001,48,Alberta,81,Other services (except public administration),Chained (2017) dollars,4065600000.0
2001,48,Alberta,72,Accommodation and food services,Chained (2017) dollars,5154100000.0
2001,48,Alberta,71,"Arts, entertainment and recreation",Chained (2017) dollars,1354500000.0
2001,48,Alberta,62,Health care and social assistance,Chained (2017) dollars,11529800000.0
2002,48,Alberta,61,Educational services,Chained (2017) dollars,9181800000.0
2002,48,Alberta,56,"Administrative and support, waste management and remediation services",Chained (2017) dollars,4824900000.0
2002,48,Alberta,55,Management of companies and enterprises,Chained (2017) dollars,1941500000.0
2002,48,Alberta,54,"Professional, scientific and technical services",Chained (2017) dollars,11671300000.0
2002,48,Alberta,53,Real estate and rental and leasing,Chained (2017) dollars,20845400000.0
2002,48,Alberta,52,Finance and insurance,Chained (2017) dollars,7330500000.0
2002,48,Alberta,51,Information and cultural industries,Chained (2017) dollars,4547100000.0
2002,48,Alberta,48-49,Transportation and warehousing,Chained (2017) dollars,10172800000.0
2002,48,Alberta,44-45,Retail trade,Chained (2017) dollars,8436500000.0
2002,48,Alberta,62,Health care and social assistance,Chained (2017) dollars,12408100000.0
2002,48,Alberta,71,"Arts, entertainment and recreation",Chained (2017) dollars,1529400000.0
2002,48,Alberta,72,Accommodation and food services,Chained (2017) dollars,5265300000.0
2002,48,Alberta,81,Other services (except public administration),Chained (2017) dollars,4194400000.0
2002,48,Alberta,91,Public administration,Chained (2017) dollars,11078100000.0
2002,48,Alberta,T001,All industries,Chained (2017) dollars,210970100000.0
2002,48,Alberta,11,"Agriculture, forestry, fishing and hunting",Chained (2017) dollars,3206500000.0
2002,48,Alberta,21,"Mining, quarrying, and oil and gas extraction",Chained (2017) dollars,38156200000.0
2002,48,Alberta,22,Utilities,Chained (2017) dollars,3597400000.0
2002,48,Alberta,23,Construction,Chained (2017) dollars,19051500000.0
2002,48,Alberta,31-33,Manufacturing,Chained (2017) dollars,20708100000.0
2002,48,Alberta,41,Wholesale trade,Chained (2017) dollars,9573700000.0
2003,48,Alberta,91,Public administration,Chained (2017) dollars,11289000000.0
2003,48,Alberta,81,Other services (except public administration),Chained (2017) dollars,4358200000.0
2003,48,Alberta,72,Accommodation and food services,Chained (2017) dollars,5241700000.0
2003,48,Alberta,71,"Arts, entertainment and recreation",Chained (2017) dollars,1501900000.0
2003,48,Alberta,62,Health care and social assistance,Chained (2017) dollars,12937100000.0
2003,48,Alberta,61,Educational services,Chained (2017) dollars,9561100000.0
2003,48,Alberta,T001,All industries,Chained (2017) dollars,218693000000.0
2003,48,Alberta,11,"Agriculture, forestry, fishing and hunting",Chained (2017) dollars,4705300000.0
2003,48,Alberta,21,"Mining, quarrying, and oil and gas extraction",Chained (2017) dollars,39262200000.0
2003,48,Alberta,22,Utilities,Chained (2017) dollars,3814300000.0
2003,48,Alberta,23,Construction,Chained (2017) dollars,19159800000.0
2003,48,Alberta,31-33,Manufacturing,Chained (2017) dollars,19925700000.0
2003,48,Alberta,41,Wholesale trade,Chained (2017) dollars,10148600000.0
2003,48,Alberta,44-45,Retail trade,Chained (2017) dollars,8743100000.0
2003,48,Alberta,48-49,Transportation and warehousing,Chained (2017) dollars,10513700000.0
2003,48,Alberta,51,Information and cultural industries,Chained (2017) dollars,4962900000.0
2003,48,Alberta,52,Finance and insurance,Chained (2017) dollars,7611200000.0
2003,48,Alberta,53,Real estate and rental and leasing,Chained (2017) dollars,21812800000.0
2003,48,Alberta,54,"Professional, scientific and technical services",Chained (2017) dollars,12220800000.0
2003,48,Alberta,55,Management of companies and enterprises,Chained (2017) dollars,1789200000.0
2003,48,Alberta,56,"Administrative and support, waste management and remediation services",Chained (2017) dollars,5432700000.0
2004,48,Alberta,91,Public administration,Chained (2017) dollars,11570600000.0
2004,48,Alberta,81,Other services (except public administration),Chained (2017) dollars,4541000000.0
2004,48,Alberta,72,Accommodation and food services,Chained (2017) dollars,5367100000.0
2004,48,Alberta,71,"Arts, entertainment and recreation",Chained (2017) dollars,1566200000.0
2004,48,Alberta,62,Health care and social assistance,Chained (2017) dollars,13450300000.0
2004,48,Alberta,61,Educational services,Chained (2017) dollars,9875400000.0
2004,48,Alberta,T001,All industries,Chained (2017) dollars,231299300000.0
2004,48,Alberta,11,"Agriculture, forestry, fishing and hunting",Chained (2017) dollars,5556100000.0
2004,48,Alberta,21,"Mining, quarrying, and oil and gas extraction",Chained (2017) dollars,41732300000.0
2004,48,Alberta,22,Utilities,Chained (2017) dollars,3749200000.0
2004,48,Alberta,23,Construction,Chained (2017) dollars,20730800000.0
2004,48,Alberta,31-33,Manufacturing,Chained (2017) dollars,21864300000.0
2004,48,Alberta,41,Wholesale trade,Chained (2017) dollars,10995500000.0
2004,48,Alberta,44-45,Retail trade,Chained (2017) dollars,8962000000.0
2004,48,Alberta,48-49,Transportation and warehousing,Chained (2017) dollars,10923100000.0
2004,48,Alberta,51,Information and cultural industries,Chained (2017) dollars,5535100000.0
2004,48,Alberta,52,Finance and insurance,Chained (2017) dollars,8060500000.0
2004,48,Alberta,53,Real estate and rental and leasing,Chained (2017) dollars,22440200000.0
2004,48,Alberta,54,"Professional, scientific and technical services",Chained (2017) dollars,12894600000.0
2004,48,Alberta,55,Management of companies and enterprises,Chained (2017) dollars,1846400000.0
2004,48,Alberta,56,"Administrative and support, waste management and remediation services",Chained (2017) dollars,5670100000.0
2005,48,Alberta,T001,All industries,Chained (2017) dollars,241957100000.0
2005,48,Alberta,11,"Agriculture, forestry, fishing and hunting",Chained (2017) dollars,5419000000.0
2005,48,Alberta,21,"Mining, quarrying, and oil and gas extraction",Chained (2017) dollars,42566400000.0
2005,48,Alberta,22,Utilities,Chained (2017) dollars,3908400000.0
2005,48,Alberta,23,Construction,Chained (2017) dollars,23370300000.0
2005,48,Alberta,31-33,Manufacturing,Chained (2017) dollars,24042000000.0
2005,48,Alberta,41,Wholesale trade,Chained (2017) dollars,11945100000.0
2005,48,Alberta,44-45,Retail trade,Chained (2017) dollars,9450300000.0
2005,48,Alberta,48-49,Transportation and warehousing,Chained (2017) dollars,11920700000.0
2005,48,Alberta,51,Information and cultural industries,Chained (2017) dollars,5675700000.0
2005,48,Alberta,52,Finance and insurance,Chained (2017) dollars,8462000000.0
2005,48,Alberta,53,Real estate and rental and leasing,Chained (2017) dollars,23181500000.0
2005,48,Alberta,54,"Professional, scientific and technical services",Chained (2017) dollars,13689400000.0
2005,48,Alberta,55,Management of companies and enterprises,Chained (2017) dollars,1943900000.0
2005,48,Alberta,56,"Administrative and support, waste management and remediation services",Chained (2017) dollars,6021700000.0
2005,48,Alberta,61,Educational services,Chained (2017) dollars,9969100000.0
2005,48,Alberta,62,Health care and social assistance,Chained (2017) dollars,13756500000.0
2005,48,Alberta,71,"Arts, entertainment and recreation",Chained (2017) dollars,1477700000.0
2005,48,Alberta,72,Accommodation and food services,Chained (2017) dollars,5573200000.0
2005,48,Alberta,81,Other services (except public administration),Chained (2017) dollars,4870300000.0
2005,48,Alberta,91,Public administration,Chained (2017) dollars,11764900000.0
2006,48,Alberta,T001,All industries,Chained (2017) dollars,257750400000.0
2006,48,Alberta,11,"Agriculture, forestry, fishing and hunting",Chained (2017) dollars,5363700000.0
2006,48,Alberta,21,"Mining, quarrying, and oil and gas extraction",Chained (2017) dollars,44564000000.0
2006,48,Alberta,22,Utilities,Chained (2017) dollars,4177400000.0
2006,48,Alberta,23,Construction,Chained (2017) dollars,26001400000.0
2006,48,Alberta,31-33,Manufacturing,Chained (2017) dollars,25485800000.0
2006,48,Alberta,41,Wholesale trade,Chained (2017) dollars,13061300000.0
2006,48,Alberta,44-45,Retail trade,Chained (2017) dollars,10728200000.0
2006,48,Alberta,48-49,Transportation and warehousing,Chained (2017) dollars,12919800000.0
2006,48,Alberta,51,Information and cultural industries,Chained (2017) dollars,6218400000.0
2006,48,Alberta,52,Finance and insurance,Chained (2017) dollars,9759700000.0
2006,48,Alberta,53,Real estate and rental and leasing,Chained (2017) dollars,24418600000.0
2006,48,Alberta,54,"Professional, scientific and technical services",Chained (2017) dollars,14800800000.0
2006,48,Alberta,55,Management of companies and enterprises,Chained (2017) dollars,2122300000.0
2006,48,Alberta,56,"Administrative and support, waste management and remediation services",Chained (2017) dollars,6326300000.0
2006,48,Alberta,91,Public administration,Chained (2017) dollars,12288300000.0
2006,48,Alberta,81,Other services (except public administration),Chained (2017) dollars,5244200000.0
2006,48,Alberta,72,Accommodation and food services,Chained (2017) dollars,5770500000.0
2006,48,Alberta,71,"Arts, entertainment and recreation",Chained (2017) dollars,1524900000.0
2006,48,Alberta,62,Health care and social assistance,Chained (2017) dollars,14167500000.0
2006,48,Alberta,61,Educational services,Chained (2017) dollars,10118400000.0
2007,48,Alberta,51,Information and cultural industries,Chained (2017) dollars,6362400000.0
2007,48,Alberta,52,Finance and insurance,Chained (2017) dollars,10085300000.0
2007,48,Alberta,53,Real estate and rental and leasing,Chained (2017) dollars,26047400000.0
2007,48,Alberta,54,"Professional, scientific and technical services",Chained (2017) dollars,15507700000.0
2007,48,Alberta,55,Management of companies and enterprises,Chained (2017) dollars,2223200000.0
2007,48,Alberta,56,"Administrative and support, waste management and remediation services",Chained (2017) dollars,6788600000.0
2007,48,Alberta,61,Educational services,Chained (2017) dollars,10502800000.0
2007,48,Alberta,62,Health care and social assistance,Chained (2017) dollars,14901000000.0
2007,48,Alberta,71,"Arts, entertainment and recreation",Chained (2017) dollars,1551100000.0
2007,48,Alberta,72,Accommodation and food services,Chained (2017) dollars,5990400000.0
2007,48,Alberta,81,Other services (except public administration),Chained (2017) dollars,5253400000.0
2007,48,Alberta,91,Public administration,Chained (2017) dollars,12774600000.0
2007,48,Alberta,48-49,Transportation and warehousing,Chained (2017) dollars,13113100000.0
2007,48,Alberta,44-45,Retail trade,Chained (2017) dollars,11814900000.0
2007,48,Alberta,41,Wholesale trade,Chained (2017) dollars,13122000000.0
2007,48,Alberta,31-33,Manufacturing,Chained (2017) dollars,25558000000.0
2007,48,Alberta,23,Construction,Chained (2017) dollars,29441300000.0
2007,48,Alberta,22,Utilities,Chained (2017) dollars,3969600000.0
2007,48,Alberta,21,"Mining, quarrying, and oil and gas extraction",Chained (2017) dollars,42825500000.0
2007,48,Alberta,11,"Agriculture, forestry, fishing and hunting",Chained (2017) dollars,4691500000.0
2007,48,Alberta,T001,All industries,Chained (2017) dollars,262758000000.0
2008,48,Alberta,T001,All industries,Chained (2017) dollars,266188600000.0
2008,48,Alberta,11,"Agriculture, forestry, fishing and hunting",Chained (2017) dollars,5466000000.0
2008,48,Alberta,21,"Mining, quarrying, and oil and gas extraction",Chained (2017) dollars,41587600000.0
2008,48,Alberta,22,Utilities,Chained (2017) dollars,4174800000.0
2008,48,Alberta,23,Construction,Chained (2017) dollars,31137500000.0
2008,48,Alberta,31-33,Manufacturing,Chained (2017) dollars,25185100000.0
2008,48,Alberta,41,Wholesale trade,Chained (2017) dollars,12974500000.0
2008,48,Alberta,44-45,Retail trade,Chained (2017) dollars,12179600000.0
2008,48,Alberta,48-49,Transportation and warehousing,Chained (2017) dollars,12504700000.0
2008,48,Alberta,51,Information and cultural industries,Chained (2017) dollars,6498900000.0
2008,48,Alberta,52,Finance and insurance,Chained (2017) dollars,10351600000.0
2008,48,Alberta,53,Real estate and rental and leasing,Chained (2017) dollars,27242200000.0
2008,48,Alberta,54,"Professional, scientific and technical services",Chained (2017) dollars,16347700000.0
2008,48,Alberta,55,Management of companies and enterprises,Chained (2017) dollars,2423200000.0
2008,48,Alberta,56,"Administrative and support, waste management and remediation services",Chained (2017) dollars,6955300000.0
2008,48,Alberta,61,Educational services,Chained (2017) dollars,10937000000.0
2008,48,Alberta,62,Health care and social assistance,Chained (2017) dollars,15626500000.0
2008,48,Alberta,71,"Arts, entertainment and recreation",Chained (2017) dollars,1625900000.0
2008,48,Alberta,72,Accommodation and food services,Chained (2017) dollars,6050200000.0
2008,48,Alberta,81,Other services (except public administration),Chained (2017) dollars,5429700000.0
2008,48,Alberta,91,Public administration,Chained (2017) dollars,13458800000.0
2009,48,Alberta,T001,All industries,Chained (2017) dollars,251999200000.0
2009,48,Alberta,11,"Agriculture, forestry, fishing and hunting",Chained (2017) dollars,4668300000.0
2009,48,Alberta,21,"Mining, quarrying, and oil and gas extraction",Chained (2017) dollars,40015100000.0
2009,48,Alberta,22,Utilities,Chained (2017) dollars,3793600000.0
2009,48,Alberta,23,Construction,Chained (2017) dollars,24052900000.0
2009,48,Alberta,31-33,Manufacturing,Chained (2017) dollars,20947300000.0
2009,48,Alberta,41,Wholesale trade,Chained (2017) dollars,11551400000.0
2009,48,Alberta,44-45,Retail trade,Chained (2017) dollars,11722000000.0
2009,48,Alberta,48-49,Transportation and warehousing,Chained (2017) dollars,12226400000.0
2009,48,Alberta,51,Information and cultural industries,Chained (2017) dollars,6446900000.0
2009,48,Alberta,52,Finance and insurance,Chained (2017) dollars,10437000000.0
2009,48,Alberta,53,Real estate and rental and leasing,Chained (2017) dollars,27801400000.0
2009,48,Alberta,54,"Professional, scientific and technical services",Chained (2017) dollars,15946500000.0
2009,48,Alberta,55,Management of companies and enterprises,Chained (2017) dollars,2262600000.0
2009,48,Alberta,56,"Administrative and support, waste management and remediation services",Chained (2017) dollars,6684800000.0
2009,48,Alberta,61,Educational services,Chained (2017) dollars,11109600000.0
2009,48,Alberta,62,Health care and social assistance,Chained (2017) dollars,16094100000.0
2009,48,Alberta,71,"Arts, entertainment and recreation",Chained (2017) dollars,1546200000.0
2009,48,Alberta,72,Accommodation and food services,Chained (2017) dollars,6108400000.0
2009,48,Alberta,81,Other services (except public administration),Chained (2017) dollars,5327500000.0
2009,48,Alberta,91,Public administration,Chained (2017) dollars,14461200000.0
2010,48,Alberta,91,Public administration,Chained (2017) dollars,14669400000.0
2010,48,Alberta,81,Other services (except public administration),Chained (2017) dollars,5417100000.0
2010,48,Alberta,72,Accommodation and food services,Chained (2017) dollars,5955600000.0
2010,48,Alberta,71,"Arts, entertainment and recreation",Chained (2017) dollars,1445100000.0
2010,48,Alberta,62,Health care and social assistance,Chained (2017) dollars,16349800000.0
2010,48,Alberta,61,Educational services,Chained (2017) dollars,11269900000.0
2010,48,Alberta,56,"Administrative and support, waste management and remediation services",Chained (2017) dollars,6477300000.0
2010,48,Alberta,55,Management of companies and enterprises,Chained (2017) dollars,2371100000.0
2010,48,Alberta,54,"Professional, scientific and technical services",Chained (2017) dollars,15886100000.0
2010,48,Alberta,53,Real estate and rental and leasing,Chained (2017) dollars,28865300000.0
2010,48,Alberta,52,Finance and insurance,Chained (2017) dollars,10829700000.0
2010,48,Alberta,51,Information and cultural industries,Chained (2017) dollars,6647500000.0
2010,48,Alberta,48-49,Transportation and warehousing,Chained (2017) dollars,12724000000.0
2010,48,Alberta,44-45,Retail trade,Chained (2017) dollars,12032200000.0
2010,48,Alberta,41,Wholesale trade,Chained (2017) dollars,12411300000.0
2010,48,Alberta,31-33,Manufacturing,Chained (2017) dollars,22243800000.0
2010,48,Alberta,23,Construction,Chained (2017) dollars,28727200000.0
2010,48,Alberta,22,Utilities,Chained (2017) dollars,3800500000.0
2010,48,Alberta,21,"Mining, quarrying, and oil and gas extraction",Chained (2017) dollars,42447800000.0
2010,48,Alberta,11,"Agriculture, forestry, fishing and hunting",Chained (2017) dollars,5149700000.0
2010,48,Alberta,T001,All industries,Chained (2017) dollars,264882800000.0
2011,48,Alberta,T001,All industries,Chained (2017) dollars,282733400000.0
2011,48,Alberta,11,"Agriculture, forestry, fishing and hunting",Chained (2017) dollars,5446700000.0
2011,48,Alberta,21,"Mining, quarrying, and oil and gas extraction",Chained (2017) dollars,45321200000.0
2011,48,Alberta,22,Utilities,Chained (2017) dollars,4014600000.0
2011,48,Alberta,23,Construction,Chained (2017) dollars,31639500000.0
2011,48,Alberta,31-33,Manufacturing,Chained (2017) dollars,24553300000.0
2011,48,Alberta,41,Wholesale trade,Chained (2017) dollars,14899000000.0
2011,48,Alberta,44-45,Retail trade,Chained (2017) dollars,12443700000.0
2011,48,Alberta,48-49,Transportation and warehousing,Chained (2017) dollars,13565000000.0
2011,48,Alberta,51,Information and cultural industries,Chained (2017) dollars,6731500000.0
2011,48,Alberta,52,Finance and insurance,Chained (2017) dollars,11361600000.0
2011,48,Alberta,53,Real estate and rental and leasing,Chained (2017) dollars,30244600000.0
2011,48,Alberta,54,"Professional, scientific and technical services",Chained (2017) dollars,17171000000.0
2011,48,Alberta,55,Management of companies and enterprises,Chained (2017) dollars,2222300000.0
2011,48,Alberta,56,"Administrative and support, waste management and remediation services",Chained (2017) dollars,7105400000.0
2011,48,Alberta,61,Educational services,Chained (2017) dollars,11515300000.0
2011,48,Alberta,62,Health care and social assistance,Chained (2017) dollars,16848600000.0
2011,48,Alberta,71,"Arts, entertainment and recreation",Chained (2017) dollars,1465900000.0
2011,48,Alberta,72,Accommodation and food services,Chained (2017) dollars,6216500000.0
2011,48,Alberta,81,Other services (except public administration),Chained (2017) dollars,5825600000.0
2011,48,Alberta,91,Public administration,Chained (2017) dollars,15000600000.0
2012,48,Alberta,55,Management of companies and enterprises,Chained (2017) dollars,2216900000.0
2012,48,Alberta,54,"Professional, scientific and technical services",Chained (2017) dollars,17998100000.0
2012,48,Alberta,53,Real estate and rental and leasing,Chained (2017) dollars,31368000000.0
2012,48,Alberta,52,Finance and insurance,Chained (2017) dollars,11630600000.0
2012,48,Alberta,51,Information and cultural industries,Chained (2017) dollars,6724500000.0
2012,48,Alberta,48-49,Transportation and warehousing,Chained (2017) dollars,14131600000.0
2012,48,Alberta,44-45,Retail trade,Chained (2017) dollars,12869900000.0
2012,48,Alberta,41,Wholesale trade,Chained (2017) dollars,15939900000.0
2012,48,Alberta,31-33,Manufacturing,Chained (2017) dollars,24525500000.0
2012,48,Alberta,23,Construction,Chained (2017) dollars,35971600000.0
2012,48,Alberta,22,Utilities,Chained (2017) dollars,4296300000.0
2012,48,Alberta,21,"Mining, quarrying, and oil and gas extraction",Chained (2017) dollars,45788400000.0
2012,48,Alberta,11,"Agriculture, forestry, fishing and hunting",Chained (2017) dollars,5353900000.0
2012,48,Alberta,T001,All industries,Chained (2017) dollars,294039200000.0
2012,48,Alberta,91,Public administration,Chained (2017) dollars,15406700000.0
2012,48,Alberta,81,Other services (except public administration),Chained (2017) dollars,6075300000.0
2012,48,Alberta,72,Accommodation and food services,Chained (2017) dollars,6624500000.0
2012,48,Alberta,71,"Arts, entertainment and recreation",Chained (2017) dollars,1504300000.0
2012,48,Alberta,62,Health care and social assistance,Chained (2017) dollars,17667200000.0
2012,48,Alberta,61,Educational services,Chained (2017) dollars,11903600000.0
2012,48,Alberta,56,"Administrative and support, waste management and remediation services",Chained (2017) dollars,7872300000.0
2013,48,Alberta,55,Management of companies and enterprises,Chained (2017) dollars,2389100000.0
2013,48,Alberta,54,"Professional, scientific and technical services",Chained (2017) dollars,18897600000.0
2013,48,Alberta,53,Real estate and rental and leasing,Chained (2017) dollars,32697300000.0
2013,48,Alberta,52,Finance and insurance,Chained (2017) dollars,12059600000.0
2013,48,Alberta,51,Information and cultural industries,Chained (2017) dollars,6679200000.0
2013,48,Alberta,48-49,Transportation and warehousing,Chained (2017) dollars,14215900000.0
2013,48,Alberta,44-45,Retail trade,Chained (2017) dollars,13856400000.0
2013,48,Alberta,41,Wholesale trade,Chained (2017) dollars,16613300000.0
2013,48,Alberta,31-33,Manufacturing,Chained (2017) dollars,25255900000.0
2013,48,Alberta,23,Construction,Chained (2017) dollars,42033300000.0
2013,48,Alberta,22,Utilities,Chained (2017) dollars,4125700000.0
2013,48,Alberta,21,"Mining, quarrying, and oil and gas extraction",Chained (2017) dollars,48296900000.0
2013,48,Alberta,11,"Agriculture, forestry, fishing and hunting",Chained (2017) dollars,6457500000.0
2013,48,Alberta,56,"Administrative and support, waste management and remediation services",Chained (2017) dollars,8095800000.0
2013,48,Alberta,61,Educational services,Chained (2017) dollars,12149800000.0
2013,48,Alberta,62,Health care and social assistance,Chained (2017) dollars,18039900000.0
2013,48,Alberta,71,"Arts, entertainment and recreation",Chained (2017) dollars,1528500000.0
2013,48,Alberta,72,Accommodation and food services,Chained (2017) dollars,7107200000.0
2013,48,Alberta,81,Other services (except public administration),Chained (2017) dollars,6576800000.0
2013,48,Alberta,91,Public administration,Chained (2017) dollars,15877100000.0
2013,48,Alberta,T001,All industries,Chained (2017) dollars,310990000000.0
2014,48,Alberta,91,Public administration,Chained (2017) dollars,16203700000.0
2014,48,Alberta,81,Other services (except public administration),Chained (2017) dollars,6767900000.0
2014,48,Alberta,72,Accommodation and food services,Chained (2017) dollars,7574100000.0
2014,48,Alberta,71,"Arts, entertainment and recreation",Chained (2017) dollars,1688200000.0
2014,48,Alberta,62,Health care and social assistance,Chained (2017) dollars,18647100000.0
2014,48,Alberta,61,Educational services,Chained (2017) dollars,12421500000.0
2014,48,Alberta,56,"Administrative and support, waste management and remediation services",Chained (2017) dollars,8587500000.0
2014,48,Alberta,55,Management of companies and enterprises,Chained (2017) dollars,2259600000.0
2014,48,Alberta,54,"Professional, scientific and technical services",Chained (2017) dollars,20449600000.0
2014,48,Alberta,53,Real estate and rental and leasing,Chained (2017) dollars,34525600000.0
2014,48,Alberta,52,Finance and insurance,Chained (2017) dollars,12571000000.0
2014,48,Alberta,51,Information and cultural industries,Chained (2017) dollars,6896400000.0
2014,48,Alberta,48-49,Transportation and warehousing,Chained (2017) dollars,15317500000.0
2014,48,Alberta,44-45,Retail trade,Chained (2017) dollars,14627200000.0
2014,48,Alberta,41,Wholesale trade,Chained (2017) dollars,16793100000.0
2014,48,Alberta,31-33,Manufacturing,Chained (2017) dollars,25989800000.0
2014,48,Alberta,23,Construction,Chained (2017) dollars,43635200000.0
2014,48,Alberta,22,Utilities,Chained (2017) dollars,4368800000.0
2014,48,Alberta,21,"Mining, quarrying, and oil and gas extraction",Chained (2017) dollars,53717600000.0
2014,48,Alberta,11,"Agriculture, forestry, fishing and hunting",Chained (2017) dollars,5876700000.0
2014,48,Alberta,T001,All industries,Chained (2017) dollars,329203400000.0
2015,48,Alberta,T001,All industries,Chained (2017) dollars,317733100000.0
2015,48,Alberta,11,"Agriculture, forestry, fishing and hunting",Chained (2017) dollars,5658100000.0
2015,48,Alberta,21,"Mining, quarrying, and oil and gas extraction",Chained (2017) dollars,52302500000.0
2015,48,Alberta,22,Utilities,Chained (2017) dollars,4182600000.0
2015,48,Alberta,23,Construction,Chained (2017) dollars,36811900000.0
2015,48,Alberta,31-33,Manufacturing,Chained (2017) dollars,24929700000.0
2015,48,Alberta,41,Wholesale trade,Chained (2017) dollars,14797100000.0
2015,48,Alberta,44-45,Retail trade,Chained (2017) dollars,13845200000.0
2015,48,Alberta,48-49,Transportation and warehousing,Chained (2017) dollars,15255600000.0
2015,48,Alberta,51,Information and cultural industries,Chained (2017) dollars,6908200000.0
2015,48,Alberta,52,Finance and insurance,Chained (2017) dollars,13074300000.0
2015,48,Alberta,53,Real estate and rental and leasing,Chained (2017) dollars,35378800000.0
2015,48,Alberta,54,"Professional, scientific and technical services",Chained (2017) dollars,18609500000.0
2015,48,Alberta,55,Management of companies and enterprises,Chained (2017) dollars,2301200000.0
2015,48,Alberta,56,"Administrative and support, waste management and remediation services",Chained (2017) dollars,8907400000.0
2015,48,Alberta,61,Educational services,Chained (2017) dollars,12687000000.0
2015,48,Alberta,62,Health care and social assistance,Chained (2017) dollars,19158900000.0
2015,48,Alberta,71,"Arts, entertainment and recreation",Chained (2017) dollars,1813400000.0
2015,48,Alberta,72,Accommodation and food services,Chained (2017) dollars,7344600000.0
2015,48,Alberta,81,Other services (except public administration),Chained (2017) dollars,6701100000.0
2015,48,Alberta,91,Public administration,Chained (2017) dollars,16325800000.0
2016,48,Alberta,44-45,Retail trade,Chained (2017) dollars,13696900000.0
2016,48,Alberta,41,Wholesale trade,Chained (2017) dollars,13768000000.0
2016,48,Alberta,31-33,Manufacturing,Chained (2017) dollars,24007800000.0
2016,48,Alberta,23,Construction,Chained (2017) dollars,29754900000.0
2016,48,Alberta,22,Utilities,Chained (2017) dollars,4058800000.0
2016,48,Alberta,21,"Mining, quarrying, and oil and gas extraction",Chained (2017) dollars,50229100000.0
2016,48,Alberta,11,"Agriculture, forestry, fishing and hunting",Chained (2017) dollars,6492200000.0
2016,48,Alberta,T001,All industries,Chained (2017) dollars,306174000000.0
2016,48,Alberta,48-49,Transportation and warehousing,Chained (2017) dollars,15303100000.0
2016,48,Alberta,51,Information and cultural industries,Chained (2017) dollars,7112000000.0
2016,48,Alberta,52,Finance and insurance,Chained (2017) dollars,13287600000.0
2016,48,Alberta,53,Real estate and rental and leasing,Chained (2017) dollars,35679400000.0
2016,48,Alberta,54,"Professional, scientific and technical services",Chained (2017) dollars,16791500000.0
2016,48,Alberta,55,Management of companies and enterprises,Chained (2017) dollars,1921700000.0
2016,48,Alberta,56,"Administrative and support, waste management and remediation services",Chained (2017) dollars,8681800000.0
2016,48,Alberta,61,Educational services,Chained (2017) dollars,12670000000.0
2016,48,Alberta,62,Health care and social assistance,Chained (2017) dollars,19772400000.0
2016,48,Alberta,71,"Arts, entertainment and recreation",Chained (2017) dollars,1840700000.0
2016,48,Alberta,72,Accommodation and food services,Chained (2017) dollars,7326800000.0
2016,48,Alberta,81,Other services (except public administration),Chained (2017) dollars,6324600000.0
2016,48,Alberta,91,Public administration,Chained (2017) dollars,16910900000.0
2017,48,Alberta,51,Information and cultural industries,Chained (2017) dollars,7101200000.0
2017,48,Alberta,52,Finance and insurance,Chained (2017) dollars,13855100000.0
2017,48,Alberta,53,Real estate and rental and leasing,Chained (2017) dollars,36949500000.0
2017,48,Alberta,54,"Professional, scientific and technical services",Chained (2017) dollars,17093200000.0
2017,48,Alberta,55,Management of companies and enterprises,Chained (2017) dollars,1445900000.0
2017,48,Alberta,56,"Administrative and support, waste management and remediation services",Chained (2017) dollars,8324400000.0
2017,48,Alberta,91,Public administration,Chained (2017) dollars,17153600000.0
2017,48,Alberta,81,Other services (except public administration),Chained (2017) dollars,6703900000.0
2017,48,Alberta,72,Accommodation and food services,Chained (2017) dollars,7361000000.0
2017,48,Alberta,71,"Arts, entertainment and recreation",Chained (2017) dollars,2051700000.0
2017,48,Alberta,62,Health care and social assistance,Chained (2017) dollars,20050200000.0
2017,48,Alberta,61,Educational services,Chained (2017) dollars,12840800000.0
2017,48,Alberta,48-49,Transportation and warehousing,Chained (2017) dollars,16304200000.0
2017,48,Alberta,44-45,Retail trade,Chained (2017) dollars,13944600000.0
2017,48,Alberta,T001,All industries,Chained (2017) dollars,319212000000.0
2017,48,Alberta,11,"Agriculture, forestry, fishing and hunting",Chained (2017) dollars,6637700000.0
2017,48,Alberta,21,"Mining, quarrying, and oil and gas extraction",Chained (2017) dollars,56856300000.0
2017,48,Alberta,22,Utilities,Chained (2017) dollars,4491400000.0
2017,48,Alberta,23,Construction,Chained (2017) dollars,30336900000.0
2017,48,Alberta,31-33,Manufacturing,Chained (2017) dollars,25225400000.0
2017,48,Alberta,41,Wholesale trade,Chained (2017) dollars,14485100000.0
2018,48,Alberta,91,Public administration,Chained (2017) dollars,17491000000.0
2018,48,Alberta,81,Other services (except public administration),Chained (2017) dollars,6741500000.0
2018,48,Alberta,72,Accommodation and food services,Chained (2017) dollars,7324100000.0
2018,48,Alberta,71,"Arts, entertainment and recreation",Chained (2017) dollars,2001700000.0
2018,48,Alberta,62,Health care and social assistance,Chained (2017) dollars,20713300000.0
2018,48,Alberta,61,Educational services,Chained (2017) dollars,13296000000.0
2018,48,Alberta,56,"Administrative and support, waste management and remediation services",Chained (2017) dollars,8474900000.0
2018,48,Alberta,55,Management of companies and enterprises,Chained (2017) dollars,1073300000.0
2018,48,Alberta,54,"Professional, scientific and technical services",Chained (2017) dollars,16515800000.0
2018,48,Alberta,53,Real estate and rental and leasing,Chained (2017) dollars,38032000000.0
2018,48,Alberta,52,Finance and insurance,Chained (2017) dollars,13779500000.0
2018,48,Alberta,51,Information and cultural industries,Chained (2017) dollars,7367300000.0
2018,48,Alberta,48-49,Transportation and warehousing,Chained (2017) dollars,16720000000.0
2018,48,Alberta,44-45,Retail trade,Chained (2017) dollars,14186500000.0
2018,48,Alberta,41,Wholesale trade,Chained (2017) dollars,15046200000.0
2018,48,Alberta,31-33,Manufacturing,Chained (2017) dollars,25937100000.0
2018,48,Alberta,23,Construction,Chained (2017) dollars,29503200000.0
2018,48,Alberta,22,Utilities,Chained (2017) dollars,4744400000.0
2018,48,Alberta,21,"Mining, quarrying, and oil and gas extraction",Chained (2017) dollars,60506400000.0
2018,48,Alberta,11,"Agriculture, forestry, fishing and hunting",Chained (2017) dollars,6267000000.0
2018,48,Alberta,T001,All industries,Chained (2017) dollars,325837800000.0
2019,48,Alberta,44-45,Retail trade,Chained (2017) dollars,14327000000.0
2019,48,Alberta,48-49,Transportation and warehousing,Chained (2017) dollars,17611100000.0
2019,48,Alberta,51,Information and cultural industries,Chained (2017) dollars,7360700000.0
2019,48,Alberta,52,Finance and insurance,Chained (2017) dollars,13906800000.0
2019,48,Alberta,53,Real estate and rental and leasing,Chained (2017) dollars,38675900000.0
2019,48,Alberta,54,"Professional, scientific and technical services",Chained (2017) dollars,16879200000.0
2019,48,Alberta,55,Management of companies and enterprises,Chained (2017) dollars,848500000.0
2019,48,Alberta,56,"Administrative and support, waste management and remediation services",Chained (2017) dollars,8377800000.0
2019,48,Alberta,61,Educational services,Chained (2017) dollars,13414900000.0
2019,48,Alberta,62,Health care and social assistance,Chained (2017) dollars,20994000000.0
2019,48,Alberta,71,"Arts, entertainment and recreation",Chained (2017) dollars,2038800000.0
2019,48,Alberta,72,Accommodation and food services,Chained (2017) dollars,7352500000.0
2019,48,Alberta,81,Other services (except public administration),Chained (2017) dollars,6532800000.0
2019,48,Alberta,91,Public administration,Chained (2017) dollars,17283600000.0
2019,48,Alberta,41,Wholesale trade,Chained (2017) dollars,15497000000.0
2019,48,Alberta,31-33,Manufacturing,Chained (2017) dollars,25863600000.0
2019,48,Alberta,23,Construction,Chained (2017) dollars,27535000000.0
2019,48,Alberta,22,Utilities,Chained (2017) dollars,4997600000.0
2019,48,Alberta,21,"Mining, quarrying, and oil and gas extraction",Chained (2017) dollars,60055200000.0
2019,48,Alberta,11,"Agriculture, forestry, fishing and hunting",Chained (2017) dollars,6604600000.0
2019,48,Alberta,T001,All industries,Chained (2017) dollars,326213100000.0
2020,48,Alberta,T001,All industries,Chained (2017) dollars,300801400000.0
2020,48,Alberta,11,"Agriculture, forestry, fishing and hunting",Chained (2017) dollars,7059400000.0
2020,48,Alberta,21,"Mining, quarrying, and oil and gas extraction",Chained (2017) dollars,53808300000.0
2020,48,Alberta,22,Utilities,Chained (2017) dollars,4782500000.0
2020,48,Alberta,23,Construction,Chained (2017) dollars,23724400000.0
2020,48,Alberta,31-33,Manufacturing,Chained (2017) dollars,23413600000.0
2020,48,Alberta,41,Wholesale trade,Chained (2017) dollars,14516000000.0
2020,48,Alberta,44-45,Retail trade,Chained (2017) dollars,13761200000.0
2020,48,Alberta,48-49,Transportation and warehousing,Chained (2017) dollars,14476300000.0
2020,48,Alberta,51,Information and cultural industries,Chained (2017) dollars,7017400000.0
2020,48,Alberta,52,Finance and insurance,Chained (2017) dollars,13963700000.0
2020,48,Alberta,53,Real estate and rental and leasing,Chained (2017) dollars,38408300000.0
2020,48,Alberta,54,"Professional, scientific and technical services",Chained (2017) dollars,16439500000.0
2020,48,Alberta,55,Management of companies and enterprises,Chained (2017) dollars,606500000.0
2020,48,Alberta,91,Public administration,Chained (2017) dollars,17110000000.0
2020,48,Alberta,81,Other services (except public administration),Chained (2017) dollars,5664300000.0
2020,48,Alberta,72,Accommodation and food services,Chained (2017) dollars,5064700000.0
2020,48,Alberta,71,"Arts, entertainment and recreation",Chained (2017) dollars,1233400000.0
2020,48,Alberta,62,Health care and social assistance,Chained (2017) dollars,19970600000.0
2020,48,Alberta,61,Educational services,Chained (2017) dollars,12688600000.0
2020,48,Alberta,56,"Administrative and support, waste management and remediation services",Chained (2017) dollars,7023800000.0
2021,48,Alberta,61,Educational services,Chained (2017) dollars,12616600000.0
2021,48,Alberta,62,Health care and social assistance,Chained (2017) dollars,21249800000.0
2021,48,Alberta,71,"Arts, entertainment and recreation",Chained (2017) dollars,1473700000.0
2021,48,Alberta,72,Accommodation and food services,Chained (2017) dollars,5721100000.0
2021,48,Alberta,81,Other services (except public administration),Chained (2017) dollars,6209200000.0
2021,48,Alberta,91,Public administration,Chained (2017) dollars,17644400000.0
2021,48,Alberta,56,"Administrative and support, waste management and remediation services",Chained (2017) dollars,7508100000.0
2021,48,Alberta,55,Management of companies and enterprises,Chained (2017) dollars,420800000.0
2021,48,Alberta,54,"Professional, scientific and technical services",Chained (2017) dollars,16986100000.0
2021,48,Alberta,53,Real estate and rental and leasing,Chained (2017) dollars,40101600000.0
2021,48,Alberta,52,Finance and insurance,Chained (2017) dollars,14519900000.0
2021,48,Alberta,51,Information and cultural industries,Chained (2017) dollars,7348000000.0
2021,48,Alberta,48-49,Transportation and warehousing,Chained (2017) dollars,15765300000.0
2021,48,Alberta,44-45,Retail trade,Chained (2017) dollars,14658500000.0
2021,48,Alberta,41,Wholesale trade,Chained (2017) dollars,15950800000.0
2021,48,Alberta,31-33,Manufacturing,Chained (2017) dollars,24244700000.0
2021,48,Alberta,23,Construction,Chained (2017) dollars,26498700000.0
2021,48,Alberta,22,Utilities,Chained (2017) dollars,4962500000.0
2021,48,Alberta,21,"Mining, quarrying, and oil and gas extraction",Chained (2017) dollars,57954200000.0
2021,48,Alberta,11,"Agriculture, forestry, fishing and hunting",Chained (2017) dollars,4803100000.0
2021,48,Alberta,T001,All industries,Chained (2017) dollars,316815700000.0
2022,48,Alberta,T001,All industries,Chained (2017) dollars,336275000000.0
2022,48,Alberta,11,"Agriculture, forestry, fishing and hunting",Chained (2017) dollars,6783600000.0
2022,48,Alberta,21,"Mining, quarrying, and oil and gas extraction",Chained (2017) dollars,62411800000.0
2022,48,Alberta,22,Utilities,Chained (2017) dollars,5043300000.0
2022,48,Alberta,23,Construction,Chained (2017) dollars,28780000000.0
2022,48,Alberta,31-33,Manufacturing,Chained (2017) dollars,24991600000.0
2022,48,Alberta,41,Wholesale trade,Chained (2017) dollars,17044200000.0
2022,48,Alberta,44-45,Retail trade,Chained (2017) dollars,14704300000.0
2022,48,Alberta,48-49,Transportation and warehousing,Chained (2017) dollars,17767500000.0
2022,48,Alberta,51,Information and cultural industries,Chained (2017) dollars,7499000000.0
2022,48,Alberta,52,Finance and insurance,Chained (2017) dollars,14811200000.0
2022,48,Alberta,53,Real estate and rental and leasing,Chained (2017) dollars,41043200000.0
2022,48,Alberta,54,"Professional, scientific and technical services",Chained (2017) dollars,18226300000.0
2022,48,Alberta,55,Management of companies and enterprises,Chained (2017) dollars,307100000.0
2022,48,Alberta,91,Public administration,Chained (2017) dollars,17620500000.0
2022,48,Alberta,81,Other services (except public administration),Chained (2017) dollars,6670800000.0
2022,48,Alberta,72,Accommodation and food services,Chained (2017) dollars,6818200000.0
2022,48,Alberta,71,"Arts, entertainment and recreation",Chained (2017) dollars,2060200000.0
2022,48,Alberta,62,Health care and social assistance,Chained (2017) dollars,22054700000.0
2022,48,Alberta,61,Educational services,Chained (2017) dollars,12867100000.0
2022,48,Alberta,56,"Administrative and support, waste management and remediation services",Chained (2017) dollars,7791200000.0
2023,48,Alberta,91,Public administration,Chained (2017) dollars,18197400000.0
2023,48,Alberta,81,Other services (except public administration),Chained (2017) dollars,6859400000.0
2023,48,Alberta,72,Accommodation and food services,Chained (2017) dollars,7183800000.0
2023,48,Alberta,71,"Arts, entertainment and recreation",Chained (2017) dollars,2159000000.0
2023,48,Alberta,62,Health care and social assistance,Chained (2017) dollars,23073100000.0
2023,48,Alberta,61,Educational services,Chained (2017) dollars,13299500000.0
2023,48,Alberta,56,"Administrative and support, waste management and remediation services",Chained (2017) dollars,7866200000.0
2023,48,Alberta,55,Management of companies and enterprises,Chained (2017) dollars,199900000.0
2023,48,Alberta,54,"Professional, scientific and technical services",Chained (2017) dollars,19099800000.0
2023,48,Alberta,53,Real estate and rental and leasing,Chained (2017) dollars,41982800000.0
2023,48,Alberta,52,Finance and insurance,Chained (2017) dollars,15147600000.0
2023,48,Alberta,51,Information and cultural industries,Chained (2017) dollars,7745800000.0
2023,48,Alberta,48-49,Transportation and warehousing,Chained (2017) dollars,18774800000.0
2023,48,Alberta,44-45,Retail trade,Chained (2017) dollars,15382300000.0
2023,48,Alberta,41,Wholesale trade,Chained (2017) dollars,17412800000.0
2023,48,Alberta,31-33,Manufacturing,Chained (2017) dollars,25316900000.0
2023,48,Alberta,23,Construction,Chained (2017) dollars,27819300000.0
2023,48,Alberta,22,Utilities,Chained (2017) dollars,5055300000.0
2023,48,Alberta,21,"Mining, quarrying, and oil and gas extraction",Chained (2017) dollars,64406700000.0
2023,48,Alberta,11,"Agriculture, forestry, fishing and hunting",Chained (2017) dollars,5950700000.0
2023,48,Alberta,T001,All industries,Chained (2017) dollars,344149000000.0
